era,book_id,chap_num,T00,T01,T02,T03,T04,T05,T06,T07,T08,T09,T10,T11,T12,T13,T14,T15,T16,T17,T18,T19
classical/romantic gothic,6087,1,0.00010570824699767406,0.11235387977715314,0.00010570824781373442,0.00010570824689754142,0.00010570824791731614,0.33842870032639655,0.17691058566360768,0.0001057082475723479,0.00010570824524320565,0.00010570824810507495,0.00010570824816432783,0.00010570824782289435,0.00010570824734142355,0.00010570824808959741,0.00010570824524320565,0.15811345209462008,0.1406029409344002,0.07211052574162925,0.00010570824737243854,0.00010570824761239378
classical/romantic gothic,6087,2,0.025000000157705163,0.025000000197764466,0.025000000000000064,0.025000000000000064,0.025000000323880542,0.025000000000000064,0.025000000000000064,0.025000000000000064,0.025000000000000064,0.025000000000000064,0.025000000000000064,0.025000000151226845,0.025000000000000064,0.025000000000000064,0.025000000000000064,0.5249999980591391,0.025000000000000064,0.025000000523583026,0.02500000006893387,0.025000000517766206
classical/romantic gothic,6087,3,0.12752372070097728,0.09967876770443583,0.00018115942306972435,0.000181159421831617,0.05341982469453639,0.08261368398676133,0.00018115942547589303,0.00018115942381504628,0.00018115942029001586,0.0001811594223880107,0.00018115942468139787,0.00018115942410015985,0.04554519390950144,0.000181159423053985,0.00018115942029001586,0.12476101114886146,0.26078068945621335,0.20350319532127525,0.00018115942400997198,0.00018115942443172833
classical/romantic gothic,6087,4,2.076412006184612e-05,0.09514655476432737,2.0764120124478513e-05,2.0764119914425062e-05,2.0764120074565135e-05,0.07815532655819517,0.3722138319441236,2.0764120094479974e-05,2.076411960134663e-05,2.0764120081780717e-05,2.076412011518875e-05,0.03593829444966254,2.076412002838503e-05,0.012278597455333457,2.076411960134663e-05,2.0764120125405225e-05,0.08768999660624319,0.31830746466226567,2.0764120054988106e-05,2.076411997058756e-05
classical/romantic gothic,41445,1,5.800464158773313e-05,0.30293173236467014,0.10725815095311829,5.800464117370984e-05,5.80046415449162e-05,0.11871098634760426,5.800464185080357e-05,5.800464128817418e-05,5.800464037127793e-05,5.8004641163146815e-05,5.800464193274273e-05,5.800464173857919e-05,5.800464180934221e-05,5.8004641443351745e-05,5.800464037127793e-05,5.800464185632656e-05,0.33918063917520624,0.1310484215382221,5.8004641795959235e-05,5.800464125158238e-05
classical/romantic gothic,41445,2,7.739938264495864e-05,0.5292019394662361,0.1194207175883605,7.73993813386413e-05,7.73993824027419e-05,7.739938296419091e-05,7.739938240228855e-05,7.739938215171649e-05,7.739938080500845e-05,7.739938298549275e-05,7.739938279030176e-05,7.739938225725178e-05,7.739938280787036e-05,7.739938244569109e-05,7.739938080500845e-05,7.739938336064491e-05,0.3500615534452874,7.739938244001494e-05,7.739938261495133e-05,7.739938289914508e-05
classical/romantic gothic,41445,3,0.008014878622313636,0.15329689900049803,0.0875590675163313,6.6934405086461e-05,6.693440594176285e-05,6.693440608415347e-05,0.08920196028651321,6.693440562226996e-05,6.693440428386936e-05,6.693440527197006e-05,0.08486147504902931,0.04612815817164793,0.02923429933390449,6.693440562711116e-05,6.693440428386936e-05,6.693440578885379e-05,0.3183662051593988,0.18260077840107,6.693440543739867e-05,6.69344058654572e-05
classical/romantic gothic,41445,4,6.738544594532695e-05,6.738544573710346e-05,6.738544597882312e-05,6.73854454198433e-05,6.738544597203672e-05,6.738544570338592e-05,0.9987196765323579,6.738544579164467e-05,6.738544474395544e-05,6.738544545884922e-05,6.738544596496864e-05,6.738544569359925e-05,6.738544574814393e-05,6.738544588907015e-05,6.738544474395544e-05,6.738544572223768e-05,6.738544610748001e-05,6.738544583743708e-05,6.738544544910929e-05,6.738544573504622e-05
classical/romantic gothic,41445,5,6.34517776891555e-05,0.3803885767575685,0.07325657247837558,6.345177722106576e-05,6.345177818527853e-05,6.345177814616225e-05,0.07365861266613136,0.009870948730894993,6.34517766497971e-05,6.345177780905806e-05,0.026351311746433164,6.345177784816351e-05,0.06468521437420545,6.345177819847722e-05,6.34517766497971e-05,6.345177808760063e-05,0.37096389013415,6.34517779935714e-05,6.345177775580404e-05,6.345178000714503e-05
classical/romantic gothic,41445,6,4.145937071798992e-05,0.1707932188469814,4.145937104850404e-05,4.1459370475589724e-05,4.145937090141946e-05,0.059468089333954574,4.145937080688745e-05,4.1459370710459634e-05,4.1459369817611915e-05,4.145937043261103e-05,0.05403035276826397,4.145937076578217e-05,4.145937088300247e-05,0.03378858737650527,4.1459369817611915e-05,4.14593707707285e-05,0.47464957313592715,0.20668974735005416,4.145937050631556e-05,4.145937065891549e-05
classical/romantic gothic,41445,7,5.3533191952019374e-05,0.24747919318050315,5.3533191891259085e-05,5.353319299398901e-05,5.3533191941418784e-05,5.3533192054611286e-05,5.3533191673077574e-05,5.353319169782944e-05,5.353319057819557e-05,5.353319145132252e-05,5.353319182800534e-05,5.3533191558668684e-05,5.353319195841277e-05,5.353319182288786e-05,5.353319057819557e-05,0.04589368766725868,0.46815798499989175,0.23761260308518242,5.353319147725099e-05,5.353319170689697e-05
classical/romantic gothic,41445,8,8.000000183349669e-05,0.1644273062595711,0.013956223728919324,8.000000132767852e-05,0.02397469157280878,8.000000204862243e-05,8.000000181497122e-05,8.000000180410794e-05,8.000000000006689e-05,8.000000126939603e-05,0.056792027529090905,0.07399229930374988,8.000000204412226e-05,8.000000214845111e-05,8.000000000006689e-05,8.000000145433617e-05,0.5228796725929448,0.14293777899389193,8.000000168514301e-05,8.000000159294035e-05
classical/romantic gothic,41445,9,7.163323913861525e-05,7.163323888140441e-05,7.163323942189017e-05,7.16332385799235e-05,7.163323945332831e-05,7.163323942845136e-05,7.163323938300445e-05,7.163323928750482e-05,7.163323782238568e-05,7.163323884778688e-05,7.163323977527358e-05,7.163323937217269e-05,7.163323904252964e-05,7.163323932973243e-05,7.163323782238568e-05,7.163323976296809e-05,0.9986389684575888,7.163323940801506e-05,7.163323875813721e-05,7.163323889554336e-05
classical/romantic gothic,41445,10,5.405405501755485e-05,5.405405522916272e-05,0.2866530450022172,5.4054054630356704e-05,5.405405547065783e-05,0.05246198231206189,0.04295908172944237,5.405405517830512e-05,5.405405405410221e-05,5.405405463448971e-05,0.3252740763982553,0.0633150067617417,5.405405523134237e-05,0.1087824567508834,5.405405405410221e-05,5.405405510142326e-05,5.405405518778548e-05,0.11985164833118098,5.4054054948915224e-05,5.40540554790396e-05
classical/romantic gothic,41445,11,7.575757642109345e-05,7.57575766485011e-05,0.9985606060472132,7.575757641486114e-05,7.575757651108567e-05,7.575757653588852e-05,7.575757654613318e-05,7.575757649591494e-05,7.575757575759075e-05,7.575757645515526e-05,7.575757659025445e-05,7.57575766173198e-05,7.575757658963942e-05,7.575757672762655e-05,7.575757575759075e-05,7.575757653950894e-05,7.575757677995263e-05,7.57575765806672e-05,7.575757645345711e-05,7.575757636460519e-05
classical/romantic gothic,41445,12,8.223684415199078e-05,0.17419309358646184,0.21915643299478765,8.223684298555455e-05,8.2236844142249e-05,8.223684435009157e-05,8.223684401281324e-05,0.03484648509677615,8.22368421053378e-05,8.223684389729798e-05,0.0609959908246531,0.07416890001751984,8.223684496979746e-05,8.223684417532837e-05,8.22368421053378e-05,8.223684400181015e-05,0.22917215533800933,0.2063978631731395,8.223684408336026e-05,8.223684367156065e-05
classical/romantic gothic,41445,13,9.345794527056412e-05,9.345794587410743e-05,0.07656562983528849,9.345794448522692e-05,9.345794548975143e-05,9.345794567378091e-05,9.345794550785431e-05,9.345794542319115e-05,9.345794392528625e-05,9.345794508524419e-05,9.345794551982888e-05,9.345794556570753e-05,9.345794534061166e-05,9.34579454485705e-05,9.345794392528625e-05,9.34579458605515e-05,0.5443829335347855,9.345794629870331e-05,0.3774626515601412,9.345794509048632e-05
classical/romantic gothic,41445,14,5.518763904564268e-05,0.1733037098480887,0.16164539048035248,5.518763894950913e-05,5.518763939109319e-05,0.069093409076293,5.5187639265113953e-05,5.518763913473273e-05,5.518763796914002e-05,5.518763868053525e-05,0.08633216552061623,5.518763932333795e-05,5.518763939066082e-05,5.518763940559013e-05,5.518763796914002e-05,5.518763919426414e-05,0.3489440365783535,0.1599086615501272,5.518763923904413e-05,5.51876392109531e-05
classical/romantic gothic,41445,15,5.149330696398578e-05,5.149330709299594e-05,0.11949826130759261,5.149330639535395e-05,5.1493306864737576e-05,5.149330702198329e-05,0.05022679629668308,5.149330715550188e-05,5.1493305870281e-05,5.149330686032208e-05,0.20360474733114042,0.08709143830971748,5.149330677796688e-05,0.015419233316276551,5.1493305870281e-05,5.1493306757897e-05,0.3281293078739029,0.19536080257784402,5.1493306633541105e-05,5.14933065781313e-05
classical/romantic gothic,41445,16,8.445946098688029e-05,8.445946094941705e-05,8.445946078614489e-05,8.445946022166575e-05,8.44594611353653e-05,8.445946072276732e-05,8.445946064483402e-05,8.445946104321681e-05,8.44594594595033e-05,8.445946051112084e-05,0.2785429362145066,8.445946100867968e-05,8.445946089858981e-05,8.445946115001021e-05,8.44594594595033e-05,8.445946104050071e-05,0.7199367934720842,8.445948220744543e-05,8.445946037113784e-05,8.445946081255333e-05
classical/romantic gothic,41445,17,6.060606150018152e-05,6.0606061973467674e-05,6.06060617067429e-05,6.0606061145395674e-05,6.060606189178779e-05,6.060606187429677e-05,6.060606163387009e-05,6.0606061709656715e-05,6.0606060606099677e-05,6.060606137691548e-05,6.0606062267723084e-05,0.2273923221912248,6.060606158079812e-05,6.0606061693852936e-05,6.0606060606099677e-05,6.060606175014834e-05,0.77151676870024,6.060606189109524e-05,6.060606178906651e-05,6.060606153806728e-05
classical/romantic gothic,41445,18,0.0038271086431779975,0.1270947954352807,0.03456377873568025,6.934812841607732e-05,6.93481293540861e-05,6.934812932148049e-05,6.934812917532914e-05,6.934812887844657e-05,6.93481276006129e-05,6.934812878803104e-05,0.18924483973302123,0.07877039154687664,0.06699340837529635,6.934812936586756e-05,6.93481276006129e-05,6.93481291935199e-05,0.4986041518559237,6.934812938035064e-05,6.934812873786217e-05,6.934812893085918e-05
classical/romantic gothic,41445,19,4.990020030764813e-05,4.99002002729633e-05,4.9900200294426166e-05,4.990020003007589e-05,4.990020029852231e-05,4.990020027817526e-05,4.990020025469476e-05,4.990020024897852e-05,4.990019960081393e-05,4.990020008107045e-05,0.9990518961959772,4.990020029824964e-05,4.990020027470543e-05,4.9900200367981586e-05,4.990019960081393e-05,4.9900200310835695e-05,4.9900200686535607e-05,4.990020039046759e-05,4.9900200126286934e-05,4.990020029958784e-05
classical/romantic gothic,41445,20,4.3252596179309816e-05,0.06096182572071126,0.009521445584292203,4.325259559866865e-05,4.3252596142728855e-05,0.10559390567530305,4.325259626417847e-05,4.3252596059570705e-05,4.325259515574169e-05,4.325259597713137e-05,0.27368951658099755,4.325259616399085e-05,4.325259623067929e-05,4.325259616364361e-05,4.325259515574169e-05,4.32525961221317e-05,0.33326021764561825,0.21636755244960926,4.325259605011917e-05,4.325259620485824e-05
classical/romantic gothic,41445,21,4.901960880199053e-05,0.17268988013250722,4.901960891616509e-05,4.901960822947496e-05,4.9019608869128956e-05,4.9019608893453716e-05,4.901960875088913e-05,4.901960875894015e-05,4.901960784316554e-05,4.901960856183167e-05,4.901960894516205e-05,4.901960912119364e-05,4.90196087641428e-05,4.901960873870569e-05,4.901960784316554e-05,4.901960886245355e-05,0.8264277669109706,4.90196089708882e-05,4.901960891540674e-05,4.901960873597173e-05
classical/romantic gothic,41445,22,6.459948441731698e-05,0.053314913371228075,6.4599484411988e-05,6.459948408617766e-05,6.459948466107846e-05,6.459948516929177e-05,6.459948473024925e-05,6.459948471961487e-05,6.459948320417747e-05,6.459948411437163e-05,0.4116665867300139,6.459948485545794e-05,6.459948444642775e-05,6.459948464580218e-05,6.459948320417747e-05,6.45994846231244e-05,0.2906690134706687,0.2433158946781809,6.459948430058013e-05,6.459948431872617e-05
classical/romantic gothic,41445,23,2.0316944788752587e-05,0.020818339019716706,2.0316944931194838e-05,2.0316944775842548e-05,0.06756577862356385,2.031694484824543e-05,2.0316944814777813e-05,2.031694477607602e-05,2.0316944331593198e-05,2.0316944660387393e-05,0.10860973699214516,0.026421115590160592,2.031694507684787e-05,2.0316944842574903e-05,2.0316944331593198e-05,2.0316944810705014e-05,0.5538888914886293,0.2224117010594256,2.0316944711241926e-05,2.031694465910656e-05
classical/romantic gothic,53685,1,2.5813113655999832e-05,2.581311367643482e-05,2.5813113653595817e-05,2.5813113426620874e-05,2.5813113742745327e-05,0.08972644631465063,2.5813113537575824e-05,2.5813113569807518e-05,2.5813113061455877e-05,2.5813113606102697e-05,2.5813113535271823e-05,2.581311378972584e-05,2.5813113692537862e-05,0.13743135435811873,2.5813113061455877e-05,0.08371568948039436,2.5813113628095924e-05,0.6763589549254888,2.581311355973267e-05,0.012380358218150296
classical/romantic gothic,53685,2,5.2301256364207064e-05,5.2301256455650735e-05,5.230125616598373e-05,5.230125604261594e-05,5.230125645945003e-05,0.19688006905941022,5.230125631241892e-05,5.2301256223651054e-05,5.2301255230163325e-05,5.2301256230476553e-05,5.230125631617238e-05,5.2301256485348185e-05,5.2301256386283995e-05,0.13314680888707386,5.2301255230163325e-05,5.2301256588075615e-05,5.23012563088214e-05,0.669084000697924,5.23012563787478e-05,5.230125641367078e-05
classical/romantic gothic,53685,3,1.1488970811528824e-05,1.1488970838478242e-05,1.1488970845432642e-05,1.1488970802517293e-05,0.02127837554160469,0.0315465176982745,1.1488970826801886e-05,1.148897089030377e-05,1.1488970588244284e-05,1.1488970889312288e-05,1.1488970870413485e-05,0.03209077316566428,1.1488970827135787e-05,0.03549604102891305,1.1488970588244284e-05,0.1398541776187301,0.03642506163448627,0.7031596966919262,1.1488970797403909e-05,1.1488970824887367e-05
classical/romantic gothic,53685,4,5.122950922234105e-05,5.122950905618291e-05,5.122950887550904e-05,5.12295086775281e-05,0.07757000226529283,0.0505415195933209,5.122950932057734e-05,5.122950926791621e-05,5.1229508196759455e-05,5.1229509160431394e-05,0.06980732255508171,5.122950933474144e-05,5.1229509321424236e-05,0.03246314217638844,5.1229508196759455e-05,5.1229509576110997e-05,5.122950939957768e-05,0.7688495707742208,5.1229508777200214e-05,5.1229509312251675e-05
classical/romantic gothic,53685,5,5.975857652354847e-06,5.975857684276676e-06,5.9758576626566595e-06,5.975857609952349e-06,5.975857675451294e-06,5.975857674079138e-06,5.975857647297393e-06,5.975857650677711e-06,5.975857535560314e-06,5.975857630537432e-06,5.975857661073515e-06,5.975857653332632e-06,5.975857659688583e-06,5.975857667085665e-06,5.975857535560314e-06,0.13638590769235312,5.975857682773024e-06,0.8635065268700636,5.975857655905877e-06,5.975857645041309e-06
high gothic,696,1,1.937233667416448e-05,1.9372336733507746e-05,1.937233665898796e-05,1.9372336632292646e-05,1.9372336748062944e-05,1.9372336773882182e-05,1.9372336800794675e-05,1.9372336764497965e-05,1.937233630377334e-05,1.9372336686104544e-05,1.9372336774310492e-05,1.937233677825031e-05,1.9372336702064095e-05,1.9372336810030766e-05,1.937233630377334e-05,0.6795989402863885,1.937233672357177e-05,0.320052357653386,1.9372336687116806e-05,1.9372336670424002e-05
high gothic,696,2,2.0559210966087384e-05,2.0559211042306058e-05,2.0559210901616915e-05,2.0559210770661562e-05,2.0559211007568647e-05,2.055921107749594e-05,2.055921080600498e-05,2.0559210956105524e-05,2.0559210526332547e-05,2.0559210883968038e-05,2.055921090344807e-05,2.0559211024709304e-05,2.0559210932551957e-05,2.055921105218008e-05,2.0559210526332547e-05,0.8379512933029258,0.025570997257949205,0.13612820285384644,2.0559210942806368e-05,2.0559210958404595e-05
high gothic,696,3,2.228164035131311e-05,2.2281640385385544e-05,2.2281640327850428e-05,2.2281640116178036e-05,2.2281640430558597e-05,2.2281640459379377e-05,2.2281640374513256e-05,2.2281640422638347e-05,2.2281639928716577e-05,2.2281640211680736e-05,2.2281640418139156e-05,2.228164044679823e-05,2.2281640322647714e-05,0.006845163109684616,2.2281639928716577e-05,0.7228893399984743,0.039631180493262315,0.23027781015376392,2.2281640366584895e-05,2.2281640323921933e-05
high gothic,696,4,2.4925224731155976e-05,2.4925224880599354e-05,2.4925224907401296e-05,2.4925224531345576e-05,2.49252248075337e-05,2.4925224822654575e-05,2.4925224783638808e-05,2.4925224759471278e-05,2.492522432703651e-05,2.4925224632252865e-05,2.4925224812787834e-05,2.49252248823252e-05,2.4925224751071855e-05,2.4925224747788596e-05,2.492522432703651e-05,0.667536706527083,0.10721017203780812,0.2248293926148985,2.4925224808492286e-05,2.4925224697634132e-05
high gothic,696,5,2.750275081462052e-05,2.750275086061217e-05,2.7502750765869014e-05,2.7502750532458596e-05,2.7502750945280038e-05,2.7502750866430073e-05,2.7502750807694728e-05,2.7502750881143754e-05,2.750275027504814e-05,2.7502750654118073e-05,2.750275078443244e-05,2.7502750900041045e-05,2.750275081540383e-05,2.7502750888617095e-05,2.750275027504814e-05,0.6842260355978124,0.013364693370592984,0.3019417242689329,2.7502750810065028e-05,2.7502750784958318e-05
high gothic,3268,1,1.9076688561027194e-05,1.9076688754706018e-05,1.9076688713231473e-05,1.9076688493631215e-05,1.907668866817815e-05,1.907668872815292e-05,1.9076688664035172e-05,1.9076688625081215e-05,1.907668828692538e-05,1.9076688542031508e-05,1.907668866351583e-05,0.7951416355383598,1.9076688677823778e-05,1.9076688678185224e-05,1.907668828692538e-05,1.9076688750537413e-05,1.907668873723201e-05,1.9076688736867466e-05,0.20451498406644641,1.907668862565779e-05
high gothic,3268,2,4.72143538594145e-05,4.7214354071361246e-05,4.721435375206954e-05,4.721435351673514e-05,4.7214353921457766e-05,4.7214353923733486e-05,4.7214353755013535e-05,4.721435382224915e-05,4.7214353163375e-05,4.7214353812452195e-05,4.721435374054915e-05,4.721435425514422e-05,4.7214353804156815e-05,4.7214353910845324e-05,4.7214353163375e-05,4.721435404582717e-05,4.7214353800869846e-05,4.721435396969449e-05,0.9991029272778116,4.72143539002707e-05
high gothic,3268,3,4.30292608008618e-05,4.30292609685372e-05,4.30292609138804e-05,4.302926034080337e-05,4.302926081724362e-05,0.0777171914053911,4.3029260683764753e-05,4.3029260738901665e-05,4.302925989675906e-05,4.302926058746447e-05,4.302926100933569e-05,0.8448667657183216,4.302926084595547e-05,4.302926084942131e-05,4.302925989675906e-05,0.07668454544480963,4.302926095877578e-05,4.302926080791139e-05,4.302926072137217e-05,4.3029260639894444e-05
high gothic,3268,4,2.4654833118816005e-05,0.133063005786424,0.008625389586302452,2.465483264563628e-05,0.004179304155220004,0.06997870927346969,2.4654832842374318e-05,2.4654832897344737e-05,2.4654832347161682e-05,2.4654832804672932e-05,2.4654832868720925e-05,0.7220723855086729,2.4654832890906507e-05,2.4654832937258464e-05,2.4654832347161682e-05,2.4654832890212594e-05,2.465483299435927e-05,0.06173603803074812,2.4654832846501787e-05,2.4654832731749162e-05
high gothic,3268,5,4.699248208226322e-05,0.16952781970436742,4.6992482195527485e-05,4.699248165566239e-05,4.6992482200326137e-05,0.05735411574629426,4.6992482007784834e-05,4.699248231204058e-05,4.6992481203044276e-05,4.6992481956116936e-05,4.69924821673082e-05,0.7178437682834764,4.69924820764858e-05,4.6992482439915e-05,4.6992481203044276e-05,4.699248223235874e-05,0.054522416553552944,4.69924824219475e-05,4.6992482301885536e-05,4.699248185330248e-05
high gothic,3268,6,1.774308052214673e-05,1.7743080645409055e-05,1.7743080555400976e-05,1.7743080411583434e-05,1.774308060797222e-05,1.7743080587102017e-05,1.7743080587217644e-05,1.7743080580562828e-05,1.7743080198732986e-05,1.7743080472668923e-05,1.774308056016074e-05,0.8421364755683077,1.7743080534448365e-05,1.7743080617079496e-05,1.7743080198732986e-05,0.15754414898230826,1.7743080574010022e-05,1.7743080628568715e-05,1.7743080543614976e-05,1.7743080558488983e-05
high gothic,3268,7,3.5385704967655704e-05,0.259603770023211,3.5385704806224574e-05,3.53857046301582e-05,3.538570508395893e-05,3.538570486715504e-05,3.538570480696192e-05,3.538570499283795e-05,3.5385704175535476e-05,3.538570479673973e-05,3.538570487368186e-05,0.5505234029365755,3.5385704930140113e-05,3.538570501951229e-05,3.5385704175535476e-05,3.538570506885166e-05,3.538570499839572e-05,0.1892712700582118,3.538570492128577e-05,3.538570488685202e-05
high gothic,3268,8,1.9409938394453875e-05,0.1685092364136336,1.9409938286475866e-05,1.9409938120031425e-05,1.9409938331164477e-05,1.9409938340816577e-05,1.940993830501505e-05,1.9409938323283978e-05,1.9409937888212084e-05,1.9409938202029165e-05,1.940993831704293e-05,0.6415242230573571,1.9409938264979464e-05,0.021653819319744673,1.9409937888212084e-05,0.08064364177937286,1.940993831163123e-05,0.0873779303563159,1.9409938311769053e-05,1.9409938290612097e-05
high gothic,3268,9,8.305647978542425e-05,0.41604463609179065,8.305647989097395e-05,8.305647916734671e-05,8.305647986708899e-05,8.305647974015927e-05,8.305647989123789e-05,8.305647975359872e-05,8.305647840536216e-05,8.305647942267633e-05,8.305648006688459e-05,0.5824603472730886,8.305647999384037e-05,8.305648034684364e-05,8.305647840536216e-05,8.30564800277949e-05,8.305648023573011e-05,8.305648044091307e-05,8.305647997106186e-05,8.305647970854104e-05
high gothic,3268,10,2.4666996057304878e-05,0.6657925512341519,2.4666996006039543e-05,2.46669958235935e-05,2.4666996121256045e-05,2.466699608076325e-05,2.4666996080373044e-05,2.4666996027482796e-05,2.4666995559956103e-05,2.4666995852985088e-05,2.4666996056148356e-05,0.2448754219738654,2.4666996108974192e-05,2.4666996090485936e-05,2.4666995559956103e-05,2.4666996151586224e-05,2.4666996147805618e-05,0.08891268786024248,2.4666996001287234e-05,2.4666996014161922e-05
high gothic,3268,11,8.833922406578164e-05,0.5641216743809385,8.833922468592931e-05,8.833922356933778e-05,8.833922421413272e-05,8.833922550774678e-05,8.833922442042422e-05,8.833922399338379e-05,8.833922261489555e-05,8.833922349124726e-05,8.83392240770135e-05,0.26389094357066867,8.833922433830279e-05,8.833922458558005e-05,8.833922261489555e-05,8.833922496343847e-05,8.833922477594503e-05,8.833922472759913e-05,0.17048561523780828,8.833922393879586e-05
high gothic,3268,12,1.697792897072134e-05,0.9242857757433485,1.6977929010448607e-05,1.6977928879271403e-05,1.697792906159094e-05,1.6977929068621613e-05,1.6977928975091703e-05,1.697792900818199e-05,1.6977928692707853e-05,1.697792896376752e-05,1.6977928982773435e-05,1.697792913238094e-05,1.697792901553206e-05,1.697792902192818e-05,1.6977928692707853e-05,0.07540862153501884,1.6977929014266232e-05,1.6977929056577754e-05,1.6977929063645163e-05,1.6977929022445233e-05
high gothic,3268,13,1.801152768756591e-05,0.7860111942835863,1.801152767865873e-05,1.8011527548696138e-05,1.801152774947381e-05,1.801152772981857e-05,1.8011527732113974e-05,1.8011527724231807e-05,1.801152737753414e-05,1.801152760770374e-05,1.8011527766839292e-05,1.801152784380925e-05,1.801152770724901e-05,1.8011527780128514e-05,1.801152737753414e-05,0.07457705728303016,1.8011527842171692e-05,0.13910555246275463,1.8011527766586927e-05,1.8011527708588003e-05
high gothic,5182,1,2.7968899135663787e-06,2.7968899182277247e-06,2.796889916152608e-06,2.7968899037169263e-06,2.796889922855065e-06,2.796889923299683e-06,2.7968899167594833e-06,2.7968899099212e-06,2.796889858479061e-06,2.7968899085819503e-06,2.796889917624734e-06,2.796889914286973e-06,2.7968899161096303e-06,2.796889920956389e-06,2.796889858479061e-06,0.9999468590917121,2.796889920364277e-06,2.7968899218118794e-06,2.796889907071387e-06,2.7968899197282817e-06
modern gothic,175,1,5.6116723877218905e-05,5.611672354119122e-05,5.611672345629889e-05,5.611672446187366e-05,5.6116723999575294e-05,5.611672422670132e-05,5.6116724148986865e-05,0.45733034951027346,5.6116722783422465e-05,0.22136010681495397,5.6116723605050366e-05,5.611672449915877e-05,0.32035555936953647,5.611672416485338e-05,5.6116722783422465e-05,5.6116724283548755e-05,5.611672360504564e-05,5.6116723973872134e-05,5.6116724012116965e-05,5.611672381381522e-05
modern gothic,175,2,5.279831193326936e-05,0.0476121932439695,5.279831175146571e-05,5.2798311280175964e-05,5.2798311826814314e-05,0.15343736194378288,5.2798311432069916e-05,0.5392916484439485,5.2798310454108674e-05,0.04826626814568802,5.279831180552839e-05,5.279831167095155e-05,5.2798311727933226e-05,0.0984357437424814,5.2798310454108674e-05,5.279831170347435e-05,5.2798311516957885e-05,0.11221760811963657,5.279831149255423e-05,5.2798311443898996e-05
modern gothic,175,3,6.983240362400423e-05,6.983240386551147e-05,6.983240372333453e-05,6.983240344831083e-05,6.983240361600069e-05,0.28797904775617184,6.98324035106159e-05,6.983240413820018e-05,6.98324022346757e-05,0.3574581539554718,6.983240315687925e-05,6.98324034917198e-05,0.3533756474297275,6.983240368739022e-05,6.98324022346757e-05,6.983240353367703e-05,6.983240369408886e-05,6.983240359995296e-05,6.983240367524517e-05,6.98324033945114e-05
modern gothic,175,4,4.325259608939505e-05,4.325259587463216e-05,4.325259586902393e-05,4.325259623369361e-05,4.325259620141792e-05,0.1300417896393555,4.3252595825319217e-05,4.3252596157716534e-05,4.325259515573024e-05,0.7789076208019503,4.325259576978567e-05,4.325259575235195e-05,4.325259591948883e-05,0.09031529542891835,4.325259515573024e-05,4.325259604519941e-05,4.325259583303382e-05,4.325259587715196e-05,4.3252595716394744e-05,4.3252596299727097e-05
modern gothic,175,5,2.9446408307405287e-05,0.014531404634853019,0.018203181589186605,2.9446408322000688e-05,0.058605315518826126,0.15228243897061527,2.9446408137398632e-05,0.5395369716939487,2.9446407538304606e-05,0.0022105643805113814,2.9446408291481986e-05,0.029071498342934467,2.9446408218980235e-05,0.044487219776627146,2.9446407538304606e-05,2.9446408278356018e-05,0.019270061079281465,0.12150687993236851,2.9446408167535008e-05,2.9446408047593567e-05
modern gothic,175,6,0.00020242915263102092,0.00020242915173093327,0.00020242915272286797,0.00020242915247664376,0.0002024291530412414,0.00020242915381847533,0.00020242915206236642,0.00020242915341871099,0.00020242914979763123,0.9961538461036489,0.0002024291541367069,0.00020242915296554128,0.00020242915301042875,0.00020242915442490863,0.00020242914979763123,0.000202429151942829,0.00020242915196839027,0.0002024291522958432,0.00020242915203232183,0.00020242915207675
modern gothic,175,7,4.2301185223153405e-05,4.2301185137473406e-05,4.230118532395016e-05,4.230118531777695e-05,4.2301185401455114e-05,0.372512276083633,4.2301185688283414e-05,0.21907281212261184,4.230118443318978e-05,0.38443880893527677,4.2301185215612006e-05,4.2301185233741506e-05,4.230118530727717e-05,0.023299283894885354,4.230118443318978e-05,4.2301185659792214e-05,4.230118547853213e-05,4.230118540765486e-05,4.230118515465169e-05,4.230118517712258e-05
modern gothic,175,8,6.075334304901705e-05,0.08120110103818404,6.075334266449395e-05,6.075334258063986e-05,6.075334283268157e-05,0.19575875054951486,6.075334266805071e-05,0.5805536195824089,6.075334143382501e-05,0.0431936516764695,6.075334297733332e-05,6.075334307552825e-05,0.009822928026435956,0.0210761051160376,6.075334143382501e-05,6.0753342690975e-05,6.075334307888836e-05,0.06760405055734921,6.07533425900242e-05,6.07533425247785e-05
modern gothic,175,9,4.849660619204605e-05,0.0418694440346346,4.849660593177437e-05,4.849660622319557e-05,4.849660639276544e-05,0.10482206218984785,4.8496606129950394e-05,0.666211500483347,4.849660523767195e-05,4.84966064566864e-05,4.8496606332595085e-05,4.849660620780465e-05,4.849660637683965e-05,4.849660627206371e-05,4.849660523767195e-05,4.849660635606424e-05,0.02384856293771965,0.16252098126281866,4.8496606172565896e-05,4.8496606112696394e-05
modern gothic,175,10,9.842519871281302e-05,0.06304412828856601,9.842519880368747e-05,9.842519782254606e-05,9.842519916934445e-05,0.12026592923186788,9.842519879974652e-05,0.6717015135701537,9.842519685047943e-05,9.842519840265839e-05,9.842519897645328e-05,9.842519880623164e-05,9.842519998172159e-05,9.842519904331847e-05,9.842519685047943e-05,0.050348949261673034,9.842519896543074e-05,0.09316310166961571,9.842519829483762e-05,9.842519864372623e-05
modern gothic,175,11,6.93481290035733e-05,6.93481293249334e-05,6.934812898596248e-05,6.934812849184633e-05,6.934812932812193e-05,6.934812949950322e-05,6.93481291610838e-05,0.7730485858379476,6.934812760060936e-05,6.934812885755573e-05,6.934812892485204e-05,6.934812921288604e-05,6.934812926935599e-05,0.11591191785362465,6.934812760060936e-05,6.934812935175927e-05,0.09588000952292329,0.01404991672328651,6.934812889601204e-05,6.934812870927941e-05
modern gothic,175,12,2.3900574217970348e-05,2.3900574092893787e-05,2.3900574064701345e-05,2.390057405611375e-05,2.3900574208040357e-05,2.39005742310707e-05,2.390057420112125e-05,0.9150439111379566,2.390057361378173e-05,2.3900574098812514e-05,2.3900574206716004e-05,2.390057413313798e-05,2.3900574105734975e-05,2.3900574217118063e-05,2.390057361378173e-05,2.3900574083795643e-05,2.3900574239125453e-05,0.08452587852858397,2.3900574020449095e-05,2.3900574055164256e-05
modern gothic,175,13,4.681648044662507e-05,4.6816480560709994e-05,4.681648114771217e-05,4.68164800604317e-05,0.05606174966913387,0.11884852671374833,4.6816480472628996e-05,0.6159770326440656,4.6816479400785725e-05,0.05875834088906613,4.681648049566088e-05,4.681648016764427e-05,4.681648031403467e-05,0.02112409383558653,4.6816479400785725e-05,4.681648051227009e-05,4.68164804863384e-05,0.12857482552416682,4.681648031905182e-05,4.681648044827504e-05
modern gothic,175,14,9.940358012113725e-05,9.94035805732553e-05,9.940357953885333e-05,0.1557224726643411,9.94035805616009e-05,9.940358057248032e-05,9.940358017367418e-05,0.6895567560081819,9.940357852887746e-05,0.1530309104648661,9.940358012536212e-05,9.940358016747942e-05,9.940358054331756e-05,9.940358100699489e-05,9.940357852887746e-05,9.940358043376623e-05,9.940357978415314e-05,9.940358057070517e-05,9.940357978802282e-05,9.940358159218173e-05
modern gothic,175,15,0.00011600928321149857,0.00011600928396704543,0.00011600928219625225,0.00011600928278933216,0.00011600928289515155,0.11832785403907921,0.00011600928357008966,0.6332398679440049,0.00011600928074255543,0.08307146671853148,0.05203011487444413,0.0001160092829656738,0.00011600928303002423,0.05562497282826276,0.00011600928074255543,0.0001160092841904361,0.00011600928416538841,0.05608159363519567,0.00011600928332395469,0.00011600928269181937
modern gothic,175,16,5.005005097597943e-05,5.0050051103281454e-05,5.005005062598446e-05,0.25549319734130926,5.0050051155455824e-05,0.4294003089009708,5.0050050849693526e-05,5.005005127866789e-05,5.0050050050075965e-05,0.3142556428924947,5.0050050785406374e-05,5.005005135652322e-05,5.005005086279683e-05,5.0050051051043855e-05,5.0050050050075965e-05,5.0050051125829634e-05,5.0050050854701306e-05,5.0050051047641425e-05,5.0050051178714434e-05,5.005005087337522e-05
modern gothic,175,17,9.025270846040661e-05,9.02527083935353e-05,9.02527081688736e-05,0.9982851985406558,9.025270862174268e-05,9.025270846207872e-05,9.025270846299978e-05,9.025270878944027e-05,9.025270758124121e-05,9.02527092684173e-05,9.025270838085498e-05,9.025270837522464e-05,9.025270852628749e-05,9.025270871354166e-05,9.025270758124121e-05,9.025270839850011e-05,9.025270813944426e-05,9.02527083225103e-05,9.025270818130139e-05,9.02527085160909e-05
modern gothic,175,18,9.842519867089828e-05,9.842519916247535e-05,9.8425197932226e-05,9.842519860755895e-05,9.842519936308532e-05,0.08217828475435969,9.842519871489513e-05,0.5215760688850253,9.842519685049923e-05,0.257357268178776,9.842519790015142e-05,9.842519882541035e-05,9.842519860898529e-05,9.842519906546896e-05,9.842519685049923e-05,9.84251991576236e-05,9.842519895943166e-05,0.1373135750054703,9.842519859119795e-05,9.84251991085201e-05
modern gothic,175,19,8.802817042645588e-05,8.802817088040594e-05,8.802816976963873e-05,8.802817021807762e-05,8.802817109078712e-05,0.20699755847123663,8.802817099358435e-05,0.6921652012076865,8.802816901415244e-05,8.802817097538965e-05,8.802817008402962e-05,8.802817063958832e-05,0.02207487204717008,8.80281709839566e-05,8.802816901415244e-05,0.0773539175450051,8.802817018865376e-05,8.802817129799085e-05,8.802817192421409e-05,8.802817140043542e-05
modern gothic,175,20,3.1705771022055286e-05,3.170577112681534e-05,3.170577089536023e-05,3.170577113927437e-05,3.1705771121352504e-05,0.19386493897361062,3.170577105760239e-05,0.6300150426622444,3.1705770450246796e-05,0.013474402416304446,0.06695043567842604,3.170577114574839e-05,3.170577123053469e-05,0.06862589665225144,3.1705770450246796e-05,3.170577107272176e-05,3.170577095910499e-05,0.02662540282342418,3.170577095331668e-05,3.1705771114628946e-05
modern gothic,175,21,3.767897573406286e-05,3.76789761669024e-05,3.767897584514376e-05,3.767897594194981e-05,3.767897603447655e-05,0.215844900825023,3.767897595156021e-05,0.7068423800694537,3.7678975131906484e-05,3.7678976000068166e-05,3.7678975912114915e-05,3.7678975695554875e-05,3.7678975994311094e-05,3.7678976076645434e-05,3.7678975131906484e-05,3.7678976106794325e-05,3.767897617159466e-05,0.07667217651614157,3.767897572779099e-05,3.7678975758907695e-05
modern gothic,175,22,7.911392548865687e-05,7.911392529134059e-05,7.911392473451012e-05,7.911392500207835e-05,7.911392572669722e-05,7.911392514684809e-05,7.911392536409735e-05,0.9984968354217283,7.911392405066936e-05,7.911392507058758e-05,7.911392543167866e-05,7.911392523027757e-05,7.911392526430247e-05,7.911392581307994e-05,7.911392405066936e-05,7.911392522842404e-05,7.911392506694023e-05,7.911392586894798e-05,7.911392494399444e-05,7.911392549801685e-05
modern gothic,175,23,8.992805900890472e-05,8.992805916154723e-05,8.992805920535928e-05,8.99280588516407e-05,8.992805936201167e-05,8.992805912289938e-05,8.992805887018418e-05,0.9982913668791816,8.992805755399584e-05,8.992806026439663e-05,8.992805886350107e-05,8.992805910150007e-05,8.992805886246725e-05,8.992805993090515e-05,8.992805755399584e-05,8.992805878726108e-05,8.992805881969783e-05,8.992805905551486e-05,8.992805887810169e-05,8.99280595644751e-05
modern gothic,175,24,5.000000090138116e-05,5.000000129848162e-05,5.000000137405481e-05,5.000000067294376e-05,5.000000116653206e-05,0.09869056943767002,5.000000130840672e-05,0.6526254727049061,5.000000000004654e-05,5.00000009140263e-05,0.06243179440451044,5.000000116827414e-05,5.000000142726524e-05,0.09433077247534424,5.000000000004654e-05,5.000000091049174e-05,5.0000001259375914e-05,0.0911713909635237,5.000000077772565e-05,5.0000000866389e-05
modern gothic,175,25,7.692307825436731e-05,7.692307800811838e-05,7.692307761641894e-05,7.692307748756153e-05,7.692307815932631e-05,7.692307790295954e-05,7.692307780610169e-05,0.9985384615201623,7.692307692311093e-05,7.692307785278526e-05,7.69230786028957e-05,7.692307786812642e-05,7.692307796275756e-05,7.692307821963816e-05,7.692307692311093e-05,7.692307797941785e-05,7.692307811225174e-05,7.692307846094367e-05,7.692307770149072e-05,7.692307799625852e-05
modern gothic,175,26,2.2532672824298138e-05,2.2532672948874475e-05,2.253267289501708e-05,2.253267281740182e-05,2.253267288354209e-05,0.28424907566365165,2.253267286489161e-05,0.4799050169385406,2.2532672374963067e-05,0.08077903061878768,2.2532672950546183e-05,2.2532672885339567e-05,2.2532672865530756e-05,2.253267285913525e-05,2.2532672374963067e-05,2.2532672865848228e-05,0.04756028931765497,0.1071685973692621,2.2532672863247034e-05,2.2532672829460377e-05
modern gothic,12122,1,9.140768065488773e-05,9.140768013289986e-05,9.140768001433458e-05,0.007658101953724872,0.06280373339138391,0.19705020586257077,9.140768033782788e-05,9.140768022144781e-05,9.140767824504544e-05,9.140767986093717e-05,9.140768003469853e-05,9.140768026669053e-05,9.1407680062813e-05,0.44580271346377265,9.140767824504544e-05,0.039690219615453354,9.14076803986882e-05,0.12022508612654684,9.140768039346222e-05,0.12558163974767894
modern gothic,12122,2,0.00016339869659916822,0.00016339869844993717,0.00016339869582855703,0.00016339869501739643,0.00016339869768447354,0.19121606284710102,0.00016339869626570762,0.00016339869634956174,0.00016339869281058653,0.00016339869666293614,0.00016339869564516494,0.0001633986959673519,0.00016339869611620186,0.4586442262960394,0.00016339869281058653,0.00016339869764740576,0.00016339869595686203,0.15619359482586417,0.00016339869679996772,0.19133173689438346
modern gothic,12122,3,0.00011876484805703179,0.00011876484792392646,0.00011876484729383435,0.00011876484714021186,0.00011876484869057061,0.00011876484884573761,0.00011876484795376504,0.00011876484875042859,0.00011876484560577521,0.00011876484980160652,0.00011876484875661263,0.00011876484802532103,0.00011876484761353848,0.6294514698757386,0.00011876484560577521,0.00011876484795455239,0.00011876484768675456,0.2853548664160255,0.00011876484712520526,0.08317466129540517
modern gothic,20180856,1,2.1159543298971016e-05,2.1159543399715814e-05,2.115954349112133e-05,2.115954319727385e-05,2.115954339809103e-05,0.3438030767421815,2.115954331666189e-05,2.1159543291742732e-05,2.1159542953884542e-05,2.1159543262579364e-05,2.1159543378899966e-05,2.1159543370640246e-05,2.1159543330581324e-05,0.6558160514783186,2.1159542953884542e-05,2.1159543376224768e-05,2.1159543389265315e-05,2.1159543345195932e-05,2.1159543319034598e-05,2.1159543426071512e-05
modern gothic,20180856,2,2.920560801808065e-05,2.9205608020401245e-05,2.9205608140805775e-05,2.9205607772229563e-05,2.9205608127167966e-05,2.9205613187691936e-05,2.9205608085999356e-05,2.9205608090151603e-05,2.920560747665107e-05,2.920560783283778e-05,2.920560805119844e-05,2.92056080774547e-05,2.9205608124852483e-05,0.9994450934434411,2.920560747665107e-05,2.920560806233558e-05,2.9205608066071462e-05,2.9205608037882775e-05,2.920560791850761e-05,2.9205607992022754e-05
modern gothic,20180856,3,1.7035775437947552e-05,1.703577548802202e-05,1.703577553683131e-05,1.703577532351089e-05,1.7035775502439218e-05,0.07101828705133983,1.703577549407211e-05,1.703577547878169e-05,1.7035775127779615e-05,1.7035775467267215e-05,1.70357754319753e-05,1.7035775434505722e-05,1.7035775494524132e-05,0.8851340418149368,1.7035775127779615e-05,1.7035775559700898e-05,0.043558062951492546,1.7035775462623885e-05,1.7035775422875417e-05,1.70357754400868e-05
modern gothic,20180856,4,1.482359941923791e-05,1.4823599380116933e-05,1.4823599382189513e-05,1.4823599326031583e-05,1.4823599447563343e-05,1.4823599461112528e-05,1.482359941556559e-05,1.4823599456723813e-05,1.4823599169886127e-05,1.4823599453181975e-05,1.4823599459608953e-05,1.4823599404523952e-05,1.4823599407265837e-05,0.9997183516116882,1.4823599169886127e-05,1.482359939769078e-05,1.482359937449005e-05,1.4823599426843169e-05,1.4823599359778803e-05,1.4823599399895312e-05
modern gothic,20180856,5,2.3116042970503268e-05,2.3116042998610278e-05,2.3116042964661438e-05,2.3116043023883176e-05,2.3116043490713523e-05,2.311604304718272e-05,2.311604295693744e-05,2.311604298768728e-05,2.3116042533531486e-05,0.003921803361142314,2.3116042968943166e-05,2.3116043083557182e-05,2.3116042996995887e-05,0.9956621078652785,2.3116042533531486e-05,2.3116043020393885e-05,2.3116043064824578e-05,2.3116043075220152e-05,2.311604287972779e-05,2.311604298238217e-05
modern gothic,20180856,6,4.642525655842108e-05,4.6425256305985635e-05,4.642525633724889e-05,4.6425255906705525e-05,4.642525644955421e-05,0.07215454400818774,4.642525599935647e-05,4.642525629372849e-05,4.64252553389396e-05,4.642525607147595e-05,4.6425256382854844e-05,4.642525627362292e-05,4.6425256311469116e-05,0.7181629547519385,4.64252553389396e-05,0.049089810547199866,0.06417072018096197,0.09572559166949875,4.642525634869307e-05,4.6425256296077226e-05
modern gothic,20180856,7,2.3889154871171278e-05,2.388915483639577e-05,2.3889154853128328e-05,2.388915463984383e-05,2.3889154837904493e-05,2.3889154831128788e-05,2.3889154730685205e-05,2.3889154809650743e-05,2.3889154323951812e-05,2.388915469145317e-05,2.3889154800972267e-05,2.3889154782565238e-05,0.07133025502642786,0.9282397401881541,2.3889154323951812e-05,2.388915481056661e-05,2.3889154841383386e-05,2.3889154870189106e-05,2.388915478316795e-05,2.3889154779955635e-05
modern gothic,20180856,8,3.355704765538799e-05,3.3557047485983194e-05,3.355704740155623e-05,3.3557047377456834e-05,3.355704774109945e-05,3.355704764630975e-05,3.355704747212035e-05,3.3557047736265154e-05,3.3557046979883455e-05,3.355704753386774e-05,3.355704755567636e-05,3.3557047539889455e-05,3.35570475814747e-05,0.9993624160971527,3.3557046979883455e-05,3.3557047567236544e-05,3.355704752480892e-05,3.355704761920553e-05,3.3557047352147225e-05,3.35570480970847e-05
modern gothic,20180856,9,3.0826141072930037e-05,3.082614103385684e-05,3.0826140860952743e-05,3.082614086781379e-05,3.0826141146188486e-05,3.0826141175257925e-05,3.082614097261228e-05,3.082614114683313e-05,3.082614056721418e-05,3.0826141113361806e-05,3.082614098225864e-05,3.0826141017011605e-05,3.08261409498444e-05,0.999414303321548,3.082614056721418e-05,3.082614101832802e-05,3.082614090328454e-05,3.0826140977839204e-05,3.0826141016977994e-05,3.0826141062147876e-05
victorian gothic,43,1,7.473841689397583e-05,7.473841725874836e-05,7.473841710409043e-05,0.01848796006818467,7.473841720982294e-05,0.2943442864242637,7.473841686243535e-05,7.473841714445532e-05,7.473841554563458e-05,7.47384169314868e-05,7.473841677134644e-05,7.4738417497098e-05,7.473841730949965e-05,0.14717021312670134,7.473841554563458e-05,7.473841729529439e-05,7.473841731315562e-05,7.473841747946224e-05,7.473841722466248e-05,0.5388017257094634
victorian gothic,43,2,5.5005501697194875e-05,5.500550158348714e-05,5.500550191553259e-05,5.500550135814527e-05,5.500550190084963e-05,0.4924986651613457,5.500550153949188e-05,5.5005501624491056e-05,5.500550055008695e-05,5.5005501573764e-05,5.500550179906937e-05,5.500550152258728e-05,5.5005501922753156e-05,5.500550185849553e-05,5.500550055008695e-05,0.006274797567565365,5.5005501868416284e-05,5.500550179270118e-05,5.500550142289862e-05,0.5002914437446089
victorian gothic,43,3,0.0002164502214827215,0.08895411133931111,0.000216450220621311,0.0002164502197025209,0.00021645022224571971,0.0002164502216105601,0.00021645022043121072,0.00021645022135732603,0.0002164502164503872,0.00021645021965404073,0.00021645022152631655,0.00021645021975158342,0.09966020703289893,0.22785726614920043,0.0002164502164503872,0.3295346983407691,0.00021645022223480324,0.00021645022159490747,0.00021645021991962177,0.2507469638327871
victorian gothic,43,4,9.746588868511282e-05,9.746588916643454e-05,9.74658897221813e-05,9.746588839256602e-05,9.746588908018534e-05,0.45126917012400464,9.74658885646037e-05,9.746588874421805e-05,9.746588693962822e-05,9.746588857912245e-05,9.74658890884504e-05,9.746588934080703e-05,0.2191366365257974,9.746588906812163e-05,9.746588693962822e-05,9.746588912748284e-05,9.74658889293858e-05,9.74658892282853e-05,9.746588870640517e-05,0.32793727324189537
victorian gothic,43,5,0.00010245901840200667,0.00010245901836882858,0.00010245901780057402,0.00010245901751267066,0.00010245901874300578,0.1662460401272477,0.00010245901790276941,0.00010245901822838557,0.00010245901639349433,0.00010245901778096324,0.0001024590182079062,0.00010245901798103129,0.00010245901865762163,0.085518819994025,0.00010245901639349433,0.00010245901873064306,0.00010245901834398477,0.00010245901838683779,0.00010245901761155496,0.7464933365732814
victorian gothic,43,6,0.0001154734437103697,0.05144436837523478,0.00011547344307037486,0.00011547344270225082,0.05166701829149049,0.1982127635093832,0.00011547344387945016,0.00011547344324143943,0.00011547344110862753,0.00011547344252965261,0.00011547344345132655,0.0001154734435119708,0.21064254203626284,0.00011547344380461616,0.00011547344110862753,0.0824568343847052,0.10063067566603053,0.0001154734444168318,0.0001154734440209782,0.3034446429763365
victorian gothic,43,7,0.0003086419805487905,0.0003086419797385122,0.0003086419800561974,0.0003086419791062945,0.00030864198185025704,0.0003086419793593798,0.0003086419802734543,0.00030864198036473776,0.0003086419753087326,0.00030864198251257554,0.0003086419790778744,0.0003086419795524536,0.0003086419800496703,0.00030864198238664996,0.0003086419753087326,0.00030864198028431945,0.0003086419798035278,0.00030864198146939844,0.0003086419779979325,0.9941358023849505
victorian gothic,43,8,3.7878788679607095e-05,3.7878788403404294e-05,3.7878788485716754e-05,3.787878833664553e-05,3.787878870657797e-05,3.7878788598481186e-05,3.7878788399977775e-05,3.787878866592393e-05,3.7878787878802936e-05,3.787878845732861e-05,3.787878849929147e-05,3.787878845345141e-05,3.7878788644001014e-05,0.11262962931109742,3.7878787878802936e-05,3.787878860127605e-05,3.787878853383468e-05,3.787878858405792e-05,3.787878833286594e-05,0.8866885524967625
victorian gothic,43,9,1.946282642775088e-05,1.9462826453905306e-05,1.9462826332721915e-05,1.946282625691992e-05,1.946282646828784e-05,1.9462826482241594e-05,1.9462826411724766e-05,1.946282640225551e-05,1.946282600234761e-05,1.9462826346188478e-05,1.946282649538814e-05,1.9462826387446183e-05,0.774112011059295,1.9462826477208832e-05,1.946282600234761e-05,1.946282642872947e-05,1.9462826452217477e-05,0.2255376580660522,1.9462826333655647e-05,1.9462826491592627e-05
victorian gothic,345,1,3.065603979733807e-05,3.0656039748744754e-05,3.065603974984546e-05,3.0656039614045116e-05,0.39375950359054707,0.38279731871612604,3.0656039696732954e-05,3.0656039874657984e-05,3.065603923975249e-05,3.06560398107457e-05,0.018675137409122033,0.0977530586752627,3.065603985906852e-05,0.10655514101328968,3.065603923975249e-05,3.065603978931419e-05,3.065603987456863e-05,3.065603992916475e-05,3.0656039638708974e-05,3.06560397899631e-05
victorian gothic,345,2,3.0543678077768064e-05,3.054367819324697e-05,3.054367807513235e-05,3.054367782622609e-05,0.509255258828378,0.2540044632452984,3.0543677990477923e-05,3.0543678184382014e-05,3.0543677458789454e-05,3.054367792053581e-05,3.0543678065215815e-05,3.054367823005848e-05,3.0543678106602725e-05,0.17119343061335082,3.0543677458789454e-05,0.025154451752613993,3.0543678141692386e-05,0.039934240390414794,3.054367802388146e-05,3.054367819122197e-05
victorian gothic,345,3,3.046922677638556e-05,3.0469226898151424e-05,3.0469226759262347e-05,3.0469226570331848e-05,0.6951829017850686,0.068812417171711,3.0469226698525497e-05,3.046922677825444e-05,3.046922608168254e-05,3.0469226752697503e-05,3.0469226890042835e-05,3.0469226788667628e-05,3.0469226746698236e-05,0.1514937609124946,3.046922608168254e-05,3.0469226846348705e-05,3.0469226882695888e-05,0.08402341250372199,3.0469226653526702e-05,3.0469226798939867e-05
victorian gothic,345,4,2.7995521385075775e-05,2.7995521246745187e-05,2.7995521260718168e-05,2.7995521403206857e-05,0.7093599472816496,0.0438319550508958,2.7995521323079705e-05,2.7995521358703282e-05,2.7995520716705955e-05,2.7995521127379502e-05,2.7995521471018248e-05,2.799552134403251e-05,2.7995521303260452e-05,0.15817600075856886,2.7995520716705955e-05,2.799552140620326e-05,2.7995521223280877e-05,0.08818416856908763,2.7995521130650943e-05,2.7995521381184922e-05
victorian gothic,345,5,4.7984646061326026e-05,4.7984646198390485e-05,4.7984646205439995e-05,4.798464539955112e-05,0.7220532893321295,4.798464605297836e-05,4.7984645757348554e-05,4.798464594388023e-05,4.798464491366735e-05,4.798464572126329e-05,4.798464578915932e-05,4.798464576650105e-05,4.7984645920649093e-05,0.23679595695232147,4.798464491366735e-05,0.030242933239240852,0.01014006614370043,4.79846460890517e-05,4.7984645943103e-05,4.7984645931617e-05
victorian gothic,345,6,3.221649547441326e-05,3.2216495489033854e-05,3.221649559775024e-05,3.221649526184187e-05,0.7076490990500836,3.2216495654441215e-05,3.2216495347408346e-05,3.2216495487618516e-05,3.221649484538611e-05,3.2216495469846674e-05,3.221649564457852e-05,3.221649562964752e-05,3.2216495584752724e-05,0.20261587562194122,3.221649484538611e-05,0.03389376756140761,3.221649561020725e-05,0.055325793839698836,3.221649533152412e-05,3.221649559485272e-05
victorian gothic,345,7,2.9002320832035656e-05,2.9002320722309832e-05,2.900232073912028e-05,2.900232060345838e-05,0.7394961180800825,0.07711468388076151,2.9002320779354127e-05,2.900232079068599e-05,2.900232018563781e-05,2.900232062899623e-05,0.03482801287477515,2.900232093838458e-05,2.900232069052774e-05,0.04106017876069836,2.900232018563781e-05,2.9002320795441275e-05,2.9002320775243825e-05,0.10706597159370825,2.9002320561795063e-05,2.9002320745484003e-05
victorian gothic,345,8,2.4727992661665905e-05,2.4727992680034465e-05,2.4727992471346807e-05,2.47279923991013e-05,0.7324521073661961,2.4727992739834703e-05,2.4727992762409578e-05,2.4727992592547566e-05,2.4727992087061725e-05,2.472799247219805e-05,2.4727992697736603e-05,0.03897771581216026,2.4727992599144214e-05,0.18398153345578075,2.4727992087061725e-05,2.4727992726194088e-05,2.4727992623166126e-05,0.044192995484961244,2.4727992562059692e-05,2.4727992740027667e-05
victorian gothic,345,9,2.735229825467826e-05,2.735229822954559e-05,2.7352298174669822e-05,2.7352297975141586e-05,0.8845369234569102,2.7352298219028778e-05,2.735229816009313e-05,2.735229818160526e-05,2.735229759301628e-05,2.7352298049192635e-05,2.7352298110235758e-05,2.7352298149863544e-05,2.7352298119621937e-05,0.06171993921241147,2.735229759301628e-05,0.032106838005497386,0.021198662555851292,2.735229825275673e-05,2.7352298158286548e-05,2.7352298108947502e-05
victorian gothic,345,10,0.19638506486983484,2.6539279141619966e-05,2.6539278723412488e-05,2.6539278424811182e-05,0.6950079618299244,2.6539278758299417e-05,2.6539278727231177e-05,2.65392786262818e-05,2.6539278131654658e-05,2.65392786699555e-05,2.6539278654446388e-05,2.6539278703394223e-05,2.653927869686056e-05,0.10815580556275929,2.6539278131654658e-05,2.653927875512073e-05,2.6539278647624578e-05,2.653927875905758e-05,2.653927919643294e-05,2.6539278733643152e-05
victorian gothic,345,11,0.11106846585614256,3.272251375853298e-05,3.272251370934228e-05,3.272251354018589e-05,0.6610876537724112,3.272251397135057e-05,3.2722513702052775e-05,3.272251375893211e-05,3.272251308903014e-05,3.272251370408642e-05,3.272251381553168e-05,3.272251391605185e-05,3.272251388973676e-05,0.2272875976381305,3.272251308903014e-05,3.272251395838067e-05,3.2722513787086934e-05,3.2722514005593916e-05,3.2722513763062586e-05,3.2722513857765125e-05
victorian gothic,345,12,0.18789640517737502,2.1551724628045587e-05,2.1551724551741302e-05,2.1551724404628945e-05,0.6069724775994781,2.1551724703093536e-05,2.155172479438867e-05,2.155172460540939e-05,2.1551724137948353e-05,2.1551724517805614e-05,2.1551724635623296e-05,2.1551724632673487e-05,2.155172464578216e-05,0.14574921652374173,2.1551724137948353e-05,2.1551724672375493e-05,2.155172461324689e-05,0.05903707310653456,2.1551724516859736e-05,2.1551724672887007e-05
victorian gothic,345,13,0.21541920797146813,2.436647234095126e-05,2.4366472178830906e-05,2.4366472108534978e-05,0.5412633037009278,2.43664723706767e-05,2.4366472278575385e-05,2.436647223197648e-05,2.4366471734910863e-05,2.4366472212637726e-05,2.4366472147976193e-05,2.4366472301149396e-05,2.4366472404439982e-05,0.13027629217550374,2.4366471734910863e-05,0.0735069290806191,2.4366472325380474e-05,0.03672532020882647,2.4366472269532878e-05,0.0024678162520141585
victorian gothic,345,14,2.5201613559575615e-05,2.520161347363846e-05,2.5201613536276347e-05,2.520161326868732e-05,0.8989186557665833,2.5201613454772662e-05,2.5201613366939675e-05,0.0013800292190396587,2.520161290324403e-05,2.520161437203487e-05,2.5201613336588777e-05,2.5201613408053387e-05,2.520161344019577e-05,0.06390759824359497,2.520161290324403e-05,0.03539049095604923,2.520161338288803e-05,2.5201613479724975e-05,2.520161339032594e-05,2.5201613456957787e-05
victorian gothic,345,15,0.6449396163494981,2.9154519483847034e-05,2.9154519447211772e-05,2.915451942093297e-05,0.35453560230061676,2.915451962206503e-05,2.9154519369089425e-05,2.915451959271018e-05,2.9154518950452044e-05,2.9154519366663072e-05,2.915451945434672e-05,2.9154519445409184e-05,2.9154519456569338e-05,2.915451972624808e-05,2.9154518950452044e-05,2.915451962901411e-05,2.915451949641531e-05,2.9154519580355383e-05,2.9154519352808073e-05,2.9154519540618588e-05
victorian gothic,345,16,0.9993448275778453,3.4482759014048207e-05,3.4482759102673115e-05,3.448275893202479e-05,3.448275929940633e-05,3.448275919147603e-05,3.4482759034101495e-05,3.4482759183037846e-05,3.4482758620700926e-05,3.4482758967269525e-05,3.448275914389668e-05,3.448275907410263e-05,3.448275913989471e-05,3.44827593115341e-05,3.4482758620700926e-05,3.4482759131387525e-05,3.448275910646391e-05,3.448275916682411e-05,3.448275892999752e-05,3.448275918525722e-05
victorian gothic,345,17,2.8360749272924412e-05,0.04821603169336185,2.8360749203753194e-05,2.8360749031822914e-05,0.9244384894413761,2.8360749434217327e-05,2.8360749337063458e-05,2.8360749277671934e-05,2.8360748723785255e-05,2.8360749163127085e-05,2.8360749340225174e-05,2.836074927872073e-05,2.83607493146353e-05,0.026863346128294368,2.8360748723785255e-05,2.8360749415857295e-05,2.8360749398282148e-05,2.8360749388511965e-05,2.8360749287607813e-05,2.83607493756216e-05
victorian gothic,345,18,2.486325271978804e-05,0.039976579311732596,2.486325263314122e-05,2.4863252390934055e-05,0.8309248138659706,2.486325277485451e-05,2.4863252626161976e-05,2.486325264382516e-05,2.4863252113397967e-05,2.4863252524259105e-05,2.4863252635449635e-05,2.4863252602606447e-05,2.486325273901141e-05,0.04798285760427783,2.4863252113397967e-05,0.049639162955900325,0.031103637473583943,2.4863252742772707e-05,2.486325263334239e-05,2.486325264167806e-05
victorian gothic,345,19,2.9411765485713035e-05,2.9411765281701928e-05,2.941176519129871e-05,2.941176526470932e-05,0.7780582050490863,2.9411765362349652e-05,2.941176533355418e-05,2.941176542304044e-05,2.9411764705905346e-05,2.941176511551987e-05,2.9411765540113685e-05,2.941176552394078e-05,2.9411765371421606e-05,0.1829256687704865,2.9411764705905346e-05,2.9411765314102002e-05,2.941176535437647e-05,0.03851612617090188,2.941176523032577e-05,2.9411765321204905e-05
victorian gothic,345,20,2.9222677336536172e-05,2.9222677536697397e-05,2.922267730710538e-05,2.922267743778292e-05,0.7102068023824503,0.046774146512877035,2.9222677448576442e-05,2.9222677412638864e-05,2.9222676797217037e-05,2.922267734514504e-05,2.9222677417117446e-05,2.9222677385498346e-05,2.9222677438225246e-05,0.10264006751716069,2.9222676797217037e-05,0.04362906752097703,2.9222677321787804e-05,0.08623692948953862,2.9222677362934266e-05,0.010103869094651882
victorian gothic,345,21,0.1416400379612621,2.5380711101139745e-05,2.5380710943092013e-05,2.538071109818675e-05,0.6126500833282913,2.5380711148809583e-05,2.5380711103855624e-05,2.5380711228089014e-05,2.5380710659915966e-05,2.5380711423288574e-05,2.5380711211347828e-05,2.538071133598514e-05,2.538071118499982e-05,0.151256795795242,2.5380710659915966e-05,2.538071114515446e-05,2.5380711158042093e-05,0.09404699153747743,2.5380711129355483e-05,2.5380711196165725e-05
victorian gothic,345,22,3.1250000798839247e-05,3.1250000842319975e-05,3.125000051892394e-05,3.1250000434655574e-05,0.794936222476725,0.03279328979927187,3.125000068030331e-05,3.125000062211335e-05,3.125000000002392e-05,3.1250000661095026e-05,3.125000066879774e-05,3.125000066874482e-05,3.125000074535941e-05,0.09956739664602486,3.125000000002392e-05,3.1250000789639676e-05,0.02219709851501048,0.050037242554233384,3.125000069095894e-05,3.125000061277671e-05
victorian gothic,345,23,0.046982831418837426,2.726281410371545e-05,2.726281413259967e-05,2.726281399938787e-05,0.7524938409066243,2.7262814067179905e-05,2.726281407456418e-05,2.7262814138392903e-05,2.7262813522376113e-05,2.726281433102439e-05,2.726281417926113e-05,2.726281410943352e-05,2.7262814063196834e-05,0.12264465773596722,2.7262813522376113e-05,2.7262814162178763e-05,0.033681357209629725,0.04378837051847285,2.7262813986657843e-05,2.7262814076140714e-05
victorian gothic,345,24,2.7639580543888147e-05,2.763958039598653e-05,2.763958040146407e-05,2.7639580587041667e-05,0.9974870607633911,2.763958042542388e-05,2.7639580315382537e-05,2.7639580374960744e-05,2.76395798784077e-05,2.7639580332423963e-05,2.7639580434977935e-05,2.763958030981493e-05,2.7639580392220426e-05,0.0020154267900995646,2.76395798784077e-05,2.7639580541054412e-05,2.7639580558103223e-05,2.7639580564082734e-05,2.7639580248414537e-05,2.7639580327318092e-05
victorian gothic,345,25,2.6028111055612574e-05,2.6028110932478724e-05,2.6028110704092647e-05,2.602811066715523e-05,0.9496258908219757,2.6028110979479582e-05,2.6028110851258208e-05,2.6028110903415024e-05,2.602811035921188e-05,2.6028110892532836e-05,2.6028110874306517e-05,2.602811085621888e-05,2.602811105191027e-05,0.02487775757070913,2.602811035921188e-05,2.6028110966090743e-05,0.025053873723133443,2.602811106894345e-05,2.602811084347821e-05,2.6028110816301314e-05
victorian gothic,345,26,2.3419204239906235e-05,2.3419204211669144e-05,2.3419204302296903e-05,2.3419203993068088e-05,0.9603628180519819,2.341920429762655e-05,2.3419204173839416e-05,2.3419204284292337e-05,2.3419203747092227e-05,2.3419204171033837e-05,0.02087116512680707,2.3419204320625598e-05,2.341920421274577e-05,0.0183678903500502,2.3419203747092227e-05,2.3419204358452307e-05,2.341920441140547e-05,2.3419204300287673e-05,2.3419204254077096e-05,2.3419204135442305e-05
victorian gothic,345,27,2.0308692627476595e-05,2.030869247705031e-05,2.0308692666224656e-05,2.030869231459085e-05,0.8755344083191174,0.04464464821930995,2.0308692540893484e-05,2.0308692502802206e-05,2.030869212024313e-05,2.0308692404776675e-05,2.030869266212205e-05,0.027494161377911257,2.0308692542393972e-05,0.03833521852973769,2.030869212024313e-05,2.030869248507241e-05,0.013686933166902194,2.030869264132913e-05,2.0308692402690162e-05,2.0308692513559314e-05
victorian gothic,1952,0,3.142677619023944e-05,3.142677618468603e-05,3.14267760966253e-05,3.1426776045785956e-05,0.23273535970597256,3.142677636928227e-05,3.1426776160731633e-05,3.142677622241085e-05,3.142677561284001e-05,3.1426776077086676e-05,3.142677614792237e-05,3.1426776252044665e-05,0.23720743087507737,0.5295229542250466,3.142677561284001e-05,3.142677622109424e-05,3.142677620666793e-05,3.142677628382782e-05,3.1426776066181906e-05,3.142677615348765e-05
